11111;Employé de ménage à domicile;SERVICE MAISON 42079
11112;Intervenant à domicile;AUXILIAIRE MENAGERE 44019$AUXILIAIRE VIE 44028
11113;Intervenant auprès d'enfants;ASSISTANCE MATERNELLE 44030$AUXILIAIRE PUERICULTURE 44051$ENFANCE 44042
11121;Assistant en cabinet médical;ASSISTANCE DENTAIRE 43485
11122;Agent de service de collectivité;AGENT SERVICE HOSPITALIER 43429$BRANCARDIER 43413$EMPLOYE COLLECTIVITE 42069
11131;Assistant de coiffure;ASSISTANCE COIFFURE 42060
11132;Coiffeur;COIFFURE 42050$SPECIALISATION COIFFURE 42061
11133;Esthéticien-cosméticien;ESTHETIQUE SOIN CORPOREL 42032$MANUCURE 42030
11141;Employé technique des services funéraires;SERVICE FUNERAIRE 42057
11151;Auxiliaire de soins aux animaux;TOILETTAGE 42003
11211;Nettoyeur de locaux et de surfaces;ENTRETIEN SOL 42083$NETTOYAGE LOCAUX 42093
11212;Laveur de vitres spécialisé;ENTRETIEN VITRE 42084
11213;Agent d'entretien et de nettoyage urbain;AMENAGEMENT EQUIPEMENT COLLECTIF 12503
11214;Agent d'entretien et d'assainissement;NETTOYAGE LOCAUX 42093$RAMASSAGE DECHET MENAGER 31782
11221;Agent de gardiennage et d'entretien;GARDIENNAGE IMMEUBLE 42810
11222;Agent de sécurité et de surveillance;MAITRE CHIEN 42824$PREVENTION SECURITE 42854$SECURITE BANCAIRE 41050$SECURITE ERP 42850$SECURITE TRANSPORT 31875$SURVEILLANCE GARDIENNAGE 42822$SURVEILLANCE MAGASIN 42820$VEILLEUR NUIT 44005
11311;Agent de la sécurité et de l'ordre public;POLICE GENDARMERIE 42837$POMPIER 42880
11312;Technicien de la sécurité et de l'ordre public;POLICE GENDARMERIE 42837
12111;Distributeur messagerie;MESSAGERIE 31731
12112;Agent d'accueil;ACCUEIL 35052$ACCUEIL TOURISME 42686$ENTRETIEN TELEPHONIQUE 35050$STANDARD 35082
12113;Agent d'enquêtes;ETUDE MARCHE 34060$SONDAGE 11029
12121;Agent administratif d'entreprise;CLASSEMENT 35091$MAITRISE 32010$RELANCE IMPAYES 34058$TECHNIQUE ADMINISTRATIVE 35071
12122;Transcripteur dactylographe;AUDIOTYPIE 35003$CORRESPONDANCE COMMERCIALE 35029$CORRESPONDANCE PROFESSIONNELLE 35093$DACTYLOGRAPHIE 35012$ECRITURE ABREGEE 35041$STENODACTYLOGRAPHIE 35032$STENOGRAPHIE 35021$STENOGRAPHIE ETRANGERE 35010$STENOTYPIE 35030
12131;Secrétaire bureautique polyvalent;BUREAUTIQUE 35066$DACTYLOGRAPHIE 35012$SECRETARIAT ASSISTANCE 35054$SECRETARIAT MULTILINGUE 35018$SECRETARIAT PME-PMI 35007$TELESECRETARIAT 35056
12132;Secrétaire bureautique spécialisé;ASSISTANCE EXPORT 34279$ASSISTANCE MARKETING 34042$SECRETARIAT COMMERCE INTERNATIONAL 35019$SECRETARIAT COMMERCIAL 35028$SECRETARIAT COMPTABLE 35049$SECRETARIAT FORMATION 35004$SECRETARIAT JURIDIQUE 35006$SECRETARIAT MEDICOSOCIAL 35015$SECRETARIAT RESSOURCES HUMAINES 35014$SECRETARIAT SPECIALISE 35035$SECRETARIAT TECHNIQUE 35039
12133;Assistant de direction;ASSISTANCE DIRECTION 35047
12141;Technicien des services administratifs;ADMINISTRATION PERSONNEL 33052$COMPTABILITE CHARGES PERSONNEL 32688
12142;Technicien des services comptables;COMPTABILITE CHARGES PERSONNEL 32688$COMPTABILITE GENERALE 32667$IMPRIME FISCAL 13326$LIASSE FISCALE 13307$RESULTAT FISCAL 13393$TAXE APPRENTISSAGE 13398$TAXE EFFORT CONSTRUCTION 13396$TAXE FORMATION PROFESSIONNELLE 13397$TAXE PROFESSIONNELLE 13379$TAXE SUR SALAIRE 13386$TVA 13389$TVA INTRACOMMUNAUTAIRE 13378
12151;Agent d'application des règles financières publiques;CONTROLE FISCAL 13324$CONTROLE GESTION PUBLIQUE 13110$CONTROLE URSSAF 13303$DOUANE 31858$DROIT FISCAL 13354$GESTION PUBLIQUE 13121
12152;Contrôleur de la régularité des finances publiques;CONTROLE FISCAL 13324$CONTROLE GESTION PUBLIQUE 13110$GESTION PUBLIQUE 13121$IMPOT FORTUNE 13360$IMPOT REVENU 13371
12153;Contrôleur de l'utilisation des fonds publics;CONTROLE GESTION PUBLIQUE 13110$GESTION PUBLIQUE 13121
12161;Agent administratif des services au public;FONCTION PUBLIQUE 13041
12162;Contrôleur de la défense des droits des personnes;FONCTION PUBLIQUE 13041
12163;Technicien administratif des services au public;FONCTION PUBLIQUE 13041
12211;Agent administratif des opérations bancaires;CREDIT DOCUMENTAIRE 34205$SERVICE BANCAIRE 41075
12212;Agent de banque contact clientèle;CLIENTELE PARTICULIER 41083
12213;Conseiller de clientèle bancaire;CLIENTELE PARTICULIER 41083
12221;Agent administratif d'assurances;ASSURANCE 41036
12222;Rédacteur juridique en assurances;ASSURANCE BIENS PARTICULIER 41058$ASSURANCE CONSTRUCTION 41006$ASSURANCE DOMMAGES 41028$DROIT ASSURANCE 41039
12223;Conseiller en assurances;ASSURANCE 41036
12224;Technicien souscripteur d'assurances;ASSURANCE BIENS PARTICULIER 41058$ASSURANCE CONSTRUCTION 41006$ASSURANCE DOMMAGES 41028$ASSURANCE VIE 41069
12231;Chargé de groupe d'immeubles;GESTION IMMOBILIERE 42133$GESTION LOCATIVE 42121
12241;Technicien de vente du tourisme et du transport;AGENCE VOYAGE 42677$BILLETTERIE 42679
12242;Technicien de production du tourisme;CONCEPTION PRODUIT TOURISTIQUE 42648
13111;Employé d'étage;LINGERIE 42087$SERVICE ETAGE 42786
13121;Employé du hall;SERVICE HALL 42778
13122;Réceptionniste en établissement hôtelier;ACCUEIL TOURISME 42686$CAMPING CARAVANING 42619$SERVICE RECEPTION 42788
13131;Gouvernant en établissement hôtelier;GESTION ENTREPRISE TOURISTIQUE 42627$GOUVERNANTE HOTEL 42797
13132;Concierge d'hôtel;SERVICE HALL 42778
13133;Chef de réception;SERVICE RECEPTION 42788
13134;Directeur d'hébergement;GESTION HOTEL RESTAURANT 42766
13135;Exploitant d'hôtel;GESTION HOTEL RESTAURANT 42766
13211;Aide de cuisine;ECAILLER 42759$ENTRETIEN CUISINE 42780
13212;Cuisinier;CUISINE 42752$CUISINE COLLECTIVITE 42708$CUISINE DESSERT 42710$CUISINE EXOTIQUE 42720$CUISINE POISSON 42712$CUISINE REGIONALE 42730$CUISINE SAUCE 42701$CUISINE SPECIALISATION 42742$CUISINE VIANDE 42740
13221;Employé polyvalent de restauration;RESTAURATION 42746
13222;Serveur en restauration;SERVICE SALLE 42757
13223;Sommelier;DEGUSTATION VIN 21511$SOMMELLERIE 42739
13224;Barman;BAR 42723
13231;Chef de cuisine;CUISINE 42752
13232;Maître d'hôtel;MAITRE D'HOTEL 42769
13233;Responsable de restauration de collectivité;CUISINE COLLECTIVITE 42708$GESTION RESTAURATION COLLECTIVE 42729
13234;Directeur de restaurant;GESTION HOTEL RESTAURANT 42766
13235;Exploitant de restaurant;GESTION HOTEL RESTAURANT 42766$RESTAURATION 42746
13311;Employé de café, bar-brasserie;CAFE BRASSERIE 42716
13321;Exploitant de café, bar-brasserie;CAFE BRASSERIE 42716
14111;Employé de libre-service;LIBRE-SERVICE 34549
14112;Hôte de caisse de libre-service;CAISSE 34589$LIBRE-SERVICE 34549
14113;Chef de rayon produits frais;GESTION RAYON 34559$VENTE PRODUIT ALIMENTAIRE 34525
14114;Chef de rayon hors produits frais;GESTION RAYON 34559
14115;Responsable de caisses;CAISSE 34589
14121;Caissier;CAISSE 34589
14122;Animateur de vente;ANIMATION VENTE 34584
14123;Employé de station-service;VENTE DISTRIBUTION 34566
14211;Vendeur en produits frais (commerce de gros);COMMERCE GROS 34575
14212;Vendeur en produits frais (commerce de détail);VENTE FRUIT LEGUME 34504$VENTE PRODUIT ALIMENTAIRE 34525$VENTE PRODUIT CARNE 34505$VENTE PRODUIT LAITIER 34516$VENTE PRODUIT MER 34506
14213;Vendeur en alimentation générale;VENTE PRODUIT ALIMENTAIRE 34525$VENTE VIN SPIRITUEUX 34513
14221;Vendeur en produits utilitaires (outillage, bricolage, droguerie ...);VENTE DISTRIBUTION 34566$VENTE PRODUIT HORTICOLE 34534
14222;Vendeur en équipement du foyer;VENTE DISTRIBUTION 34566$VENTE EQUIPEMENT MAISON 34536
14223;Vendeur en équipement de la personne;COMMERCIALISATION HABILLEMENT 21762$VENTE DISTRIBUTION 34566
14224;Vendeur en articles de sport et de loisirs de plein air;MATERIEL SPORT 15447$VENTE DISTRIBUTION 34566
14225;Vendeur en produits culturels et ludiques;LIBRAIRIE 46329$VENTE DISTRIBUTION 34566
14226;Vendeur en articles de luxe (non alimentaires);PARFUMERIE 42040$VENTE DISTRIBUTION 34566$VENTE EN ANIMALERIE 42004
14227;Fleuriste;VENTE PRODUIT HORTICOLE 34534
14228;Antiquaire;COMMERCE ART 45075
14231;Télévendeur;VENTE PAR TELEPHONE 34501
14232;Technicien de la vente à distance;VENTE PAR CORRESPONDANCE 34520
14311;Attaché commercial en biens d'équipement professionnels;COMMERCIALISATION AGRICOLE 21084$VRP 34560
14312;Attaché commercial en biens intermédiaires et matières premières;VRP 34560
14313;Attaché commercial en biens de consommation auprès des entreprises;COMMERCIALISATION HABILLEMENT 21762$VRP 34560
14314;Attaché commercial en services auprès des entreprises;VRP 34560
14321;Représentant à domicile;VRP 34560
14322;Représentant en véhicules;VENTE AUTOMOBILE 34517
21111;Artiste plasticien;ART PLASTIQUE 45066$DESSIN ART 45057$ICONE 45099$LITHOGRAPHIE 45089$PEINTURE ART 45098$SCULPTURE 45076$SCULPTURE BOIS 45096$SCULPTURE PIERRE 45097
21112;Auteur-écrivain;CALLIGRAPHIE 46092$LITTERATURE 14261
21121;Stylicien industriel;AMEUBLEMENT 45019$CREATION TEXTILE 21627$DAO 31685$ESTHETIQUE INDUSTRIELLE 45006
21122;Aménageur d'espace intérieur;ARCHITECTURE INTERIEURE 45015$ETALAGE 34519
21131;Photographe;PHOTOGRAPHIE 46278
21211;Artiste dramatique;ART DRAMATIQUE 45022$EXPRESSION THEATRALE 45003
21212;Artiste de la musique et du chant;CHANT 45083$CHANT CHORAL 45093$DIRECTION ORCHESTRE 45072$MUSIQUE 45073$PRATIQUE INSTRUMENTALE 45082
21213;Artiste de la danse;CHOREGRAPHIE 45080$DANSE 45071$DANSE TRADITIONNELLE 45091
21214;Artiste du cirque et du music-hall;CIRQUE 45020$MARIONNETTE 45010$MIME 45002
21215;Professionnel de la mise en scène et de la réalisation;CINEMA 46274$MISE EN SCENE 45050$TECHNIQUE SPECTACLE 45042
21216;Animateur-présentateur;TECHNIQUE SPECTACLE 45042
21217;Présentateur de modèles;MANNEQUIN 21788
21221;Professionnel du son;MIXAGE 46225$SON 46236
21222;Professionnel de l'image;MATERIEL AUDIOVISUEL 46233
21223;Professionnel de l'éclairage;ECLAIRAGISME 46247
21224;Professionnel du décor et des accessoires;DECOR SPECTACLE 45040$SPECTACLE PYROTECHNIQUE 45034
21225;Professionnel du costume et de l'habillage;COSTUME SCENE 21794
21226;Professionnel de la coiffure et du maquillage;COIFFURE 42050$MAQUILLAGE 42052$MAQUILLAGE SPECTACLE 42062$SPECIALISATION COIFFURE 42061
21227;Professionnel du montage de l'image et du son;MONTAGE AUDIOVISUEL 46269$MONTAGE POSTPRODUCTION 46267
21231;Professionnel de la production des spectacles;GESTION PRODUCTION AUDIOVISUELLE 46244$GESTION SPECTACLE 45052$RADIO 46245$REGIE SPECTACLE 45060
21232;Agent de promotion des artistes;TECHNIQUE SPECTACLE 45042
21241;Opérateur d'attractions;TECHNIQUE SPECTACLE 45042
21242;Employé des jeux;CASINO 42077
21243;Exploitant d'équipement de loisirs et de sport;GESTION SPORT 15457$INSTALLATION SPORTIVE 15448
22111;Enseignant des écoles;FORMATION FORMATEUR 44586
22121;Enseignant d'enseignement général;FORMATION FORMATEUR 44586
22122;Enseignant d'enseignement technique (agricole, professionnel, technologique);FORMATION FORMATEUR 44586
22131;Enseignant chercheur;FORMATION FORMATEUR 44586
22141;Personnel d'éducation et de surveillance d'établissement d'enseignement;PEDAGOGIE 44542
22142;Administrateur d'école maternelle ou primaire;PEDAGOGIE 44542
22143;Administrateur d'établissement d'enseignement secondaire et supérieur;PEDAGOGIE 44542
22151;Inspecteur de l'enseignement;PEDAGOGIE 44542
22211;Formateur;DIDACTIQUE LANGUE 44515$FORMATION FORMATEUR 44586$FORMATION FORMATEUR AGROALIMENTAIRE 21542$FORMATION FORMATEUR ART 45085$FORMATION FORMATEUR BANQUE ASSURANCE 41020$FORMATION FORMATEUR COMMERCIAL 34574$FORMATION FORMATEUR HOTELLERIE RESTAURATION 42785$FORMATION FORMATEUR INFORMATIQUE 31092$FORMATION FORMATEUR OCCASIONNEL 44577$FORMATION FORMATEUR QUALITE 31382$FORMATION FORMATEUR SECURITE 42856$FORMATION FORMATEUR SPECIALISE 44587$FORMATION FORMATEUR TRANSPORT 31873$FORMATION FORMATEUR TRAVAIL SOCIAL 44071$TUTORAT ENTREPRISE 44588
22212;Conseiller en formation;CONSEIL FORMATION 44589$TEST PSYCHOLOGIQUE 14492
22213;Responsable pédagogique;EVALUATION FORMATION 44539
22214;Consultant en formation;CONSEIL FORMATION 44589
22215;Concepteur-organisateur en formation;CONCEPTION ACTION FORMATION 44517$INGENIERIE FORMATION 44557
22221;Instructeur en conduite de véhicules à moteur;INSTRUCTION PILOTE 31898$MONITORAT AUTO-ECOLE 31802$MONITORAT MANUTENTION 31793
23111;Informateur social;PREVENTION EDUCATION SANTE 44074
23112;Intervenant d'action sociale;ANIMATION PERSONNE HANDICAPEE 44079$ANIMATION TROISIEME AGE 44089$ASSISTANT SOCIAL 44083$CONSEIL FAMILIAL CONJUGAL 44007$CONSEILLER TRAVAIL 44094$ECONOMIE FAMILIALE RURALE 44095$ECONOMIE SOCIALE FAMILIALE 44084$FAMILLE 44026$MEDIATION SOCIOCULTURELLE 44035
23121;Chargé de protection des biens et des personnes;DELEGATION TUTELLE 44080
23131;Animateur généraliste de loisirs;ANIMATION TOURISME 42623$GESTION ENTREPRISE TOURISTIQUE 42627$PARC LOISIR 42608
23132;Animateur spécialiste d'activités culturelles et techniques;ANIMATION SOCIOCULTURELLE 44067$TOURISME CULTUREL 42651
23133;Animateur spécialiste d'activités sportives;ACTIVITE PHYSIQUE POUR TOUS 15466$ALPINISME 15410$EDUCATION NATATION 15490$EDUCATION SPORTIVE 15436$REMISE EN FORME 15477$TOURISME MONTAGNE 42692$TOURISME SPORTIF 42632
23141;Professionnel d'activités sportives;ACTIVITE PHYSIQUE ET SPORTIVE 15454
23151;Educateur-intervenant éducatif;EDUCATEUR JEUNE ENFANT 44050$EDUCATEUR SPECIALISE 44092$EDUCATION POPULAIRE 44069$EDUCATION SURVEILLEE 44061$MEDIATION SOCIOCULTURELLE 44035$PREVENTION SOCIALE 44091$TRAVAIL SOCIAL 44072
23211;Conseiller en développement local;DEVELOPPEMENT LOCAL 12523
23221;Conseiller en emploi et insertion professionnelle;CONSEIL INSERTION PROFESSIONNELLE 44569$TECHNIQUE ORIENTATION PROFESSIONNELLE 44595
24111;Aide-soignant;AIDE SOIGNANT 43436
24121;Infirmier généraliste;INFIRMIER 43448
24122;Infirmier de service spécialisé;INFIRMIER PSYCHIATRIQUE 43459$INFIRMIER REANIMATION 43457$INFIRMIER SALLE OPERATION 43449$PUERICULTURE 43439
24131;Cadre des services paramédicaux;ENCADREMENT INFIRMIER 43458
24211;Technicien en imagerie médicale;MANIPULATION ELECTRORADIOLOGIQUE 43497
24212;Technicien de laboratoire d'analyses médicales;ANALYSE MEDICALE 43476$TRANSFUSION SANGUINE 43469
24213;Préparateur en pharmacie;PREPARATION PHARMACIE 43006
24221;Conseiller en information médicale;VISITEUR MEDICAL 34580
24311;Masseur kinésithérapeute;KINESITHERAPIE 43490
24312;Ergothérapeute;ERGOTHERAPIE 43491
24313;Psychomotricien;PSYCHOMOTRICITE 43470
24314;Orthophoniste;ORTHOPHONIE 43480
24315;Orthoptiste;OPHTALMOLOGIE 43071
24316;Pédicure-podologue;PODOLOGIE PEDICURIE 43493
24317;Diététicien;DIETETIQUE 43440
24321;Audioprothésiste;AUDIOPROTHESE 43495
24322;Opticien-lunetier;OPTIQUE LUNETTERIE 43486
24323;Prothésiste dentaire;PROTHESE DENTAIRE 43494
24324;Prothésiste-orthésiste;ORTHOPEDIE 43460$PODO-ORTHESE 21859$PROTHESE 43484
31111;Médecin praticien;ALLERGOLOGIE 43058$ANESTHESIE REANIMATION 43094$CARDIOLOGIE 43085$CHIRURGIE 43021$DERMATOLOGIE 43089$ENDOCRINOLOGIE 43090$GASTRO-ENTEROLOGIE 43097$GYNECOLOGIE OBSTETRIQUE 43083$HEMATOLOGIE 43099$HEPATOLOGIE 43093$IMAGERIE MEDICALE 43061$MEDECINE 43054$MEDECINE EXOTIQUE 43091$MEDECINE GENERALE 43042$MEDECINE SPORTIVE 43019$MEDECINE THERMALE 43029$MEDECINE TRAVAIL 43008$MICROCHIRURGIE 43030$NEUROCHIRURGIE 43010$NEUROLOGIE 43057$OPHTALMOLOGIE 43071$ORL 43080$PEDIATRIE 43069$PNEUMOLOGIE 43096$PSYCHIATRIE 43048$RHUMATOLOGIE 43095$STOMATOLOGIE 43040$URGENCE MEDICALE 43046$UROLOGIE 43098
31112;Chirurgien dentiste;CHIRURGIE DENTAIRE 43050$ODONTOLOGIE 43051
31113;Psychologue clinicien;PSYCHANALYSE 14475$PSYCHOLOGIE 14454$PSYCHOLOGIE ENFANT ADOLESCENT 14420$PSYCHOPATHOLOGIE 14414$PSYCHOTHERAPIE 14456
31114;Sage-femme;SAGE-FEMME 43092
31121;Spécialiste conseil de la santé publique;POLITIQUE SANTE 13038
31131;Vétérinaire;MEDECINE VETERINAIRE 21018
31211;Biologiste médical;ANALYSE MEDICALE 43476
31221;Pharmacien;PHARMACIE 43026
32111;Cadre de la comptabilité;IMPRIME FISCAL 13326$LIASSE FISCALE 13307$PLUS VALUE 13313$REGIME IMPOSITION 13392$RESULTAT FISCAL 13393$TAXE APPRENTISSAGE 13398$TAXE EFFORT CONSTRUCTION 13396$TAXE FORMATION PROFESSIONNELLE 13397$TAXE PROFESSIONNELLE 13379$TAXE SUR SALAIRE 13386$TVA 13389$TVA INTRACOMMUNAUTAIRE 13378
32112;Cadre de l'audit et du contrôle comptable et financier;ANALYSE FINANCIERE 32626$AUDIT COMPTABILITE 32695$AUDIT ENTREPRISE 32098$COMPTABILITE 32663$CONTROLE GESTION 32652$EXPERTISE COMPTABLE 32684$GESTION FINANCIERE 32654
32113;Responsable administratif et financier;GESTION BUDGETAIRE 32650
32114;Cadre financier spécialisé;FINANCEMENT INTERNATIONAL 34236$TRESORERIE 32611
32115;Analyste de gestion;AUDIT ENTREPRISE 32098$CONTROLE GESTION 32652
32121;Cadre de la gestion des ressources humaines;ADMINISTRATION PERSONNEL 33052$AUDIT RESSOURCES HUMAINES 33035$GESTION PREVISIONNELLE EMPLOIS COMPETENCES 33091$GRAPHOLOGIE 14493$RECRUTEMENT 33060$RESSOURCES HUMAINES 33054$TEST PSYCHOLOGIQUE 14492
32122;Responsable de formation en entreprise;RESPONSABLE FORMATION 44528
32131;Responsable en organisation;DIRECTION ENTREPRISE 32054$GESTION ENTREPRISE 32076
32141;Juriste;AUDIT FISCAL 13315$CONSTITUTION SOCIETE 13250$CONTENTIEUX COMMERCIAL 13291$CONTENTIEUX INTERNATIONAL 13269$CONTRAT COMMERCIAL 13270$CONTRAT INTERNATIONAL 13258$DEFISCALISATION 13346$DROIT 13254$DROIT ADMINISTRATIF 13218$DROIT AFFAIRES 13261$DROIT AUTEUR 13243$DROIT CIVIL 13285$DROIT CIVIQUE 13249$DROIT COMMERCIAL 13272$DROIT COMMUNAUTAIRE 13287$DROIT COMMUNAUTAIRE AFFAIRES 13299$DROIT COMMUNAUTAIRE IMMOBILIER 13246$DROIT COMMUNAUTAIRE SOCIAL 13298$DROIT CONCURRENCE ET CONSOMMATION 13292$DROIT CONTRAT 13256$DROIT FISCAL 13354$DROIT FPC 13214$DROIT IMMOBILIER 13286$DROIT INTERNATIONAL 13267$DROIT INTERNATIONAL PRIVE 13268$DROIT INTERNATIONAL PUBLIC 13278$DROIT JUDICIAIRE PRIVE 13266$DROIT MARITIME 13279$DROIT MEDICAL 43022$DROIT NATIONAL ETRANGER 13277$DROIT PENAL NATIONAL 13219$DROIT PERSONNES FAMILLE 13295$DROIT PRIVE 13274$DROIT PROPRIETE INDUSTRIELLE 13245$DROIT PROPRIETE INTELLECTUELLE 13253$DROIT SECURITE SOCIALE 13205$DROIT SOCIAL 13234$DROIT SOCIETES 13262$DROIT SYNDICAL 13220$DROIT TRAVAIL 13222$DROIT TRAVAIL PAYS ETRANGER 13201$DROIT URBANISME 13229$FISCALITE ASSOCIATION 13384$FISCALITE ENTREPRISE 13366$FISCALITE EUROPEENNE 13318$FISCALITE GROUPEMENT 13375$FISCALITE IMMOBILIERE 13321$FISCALITE INTERNATIONALE 13327$FISCALITE MOBILIERE 13331$FISCALITE NON SALARIE 13380$FISCALITE PARTICULIER 13362$FISCALITE SOCIETE 13382$FORME JURIDIQUE ENTREPRISE 13288$NOTARIAT 13275$REGIME IMPOSITION 13392$STATUT ENTREPRISE INDIVIDUELLE 13281$STATUT GROUPEMENT 13271$STATUT ORGANISATION SANS BUT LUCRATIF 13251$STATUT SOCIETE 13273$TRANSMISSION ENTREPRISE 1326u
32142;Collaborateur juridique;DROIT 13254$DROIT MEDICAL 43022$NOTARIAT 13275
32151;Chargé d'analyses et de développement;AMENAGEMENT URBAIN 12512$BUREAU ETUDES 31676$DEMOGRAPHIE 14258$SOCIOLOGIE 14277$STATISTIQUE APPLIQUEE 11017$STATISTIQUE DESCRIPTIVE 11045$STATISTIQUE INFERENTIELLE 11057
32152;Chargé d'études et de recherche en sciences de l'Homme;ANTHROPOLOGIE 14224$ARCHEOLOGIE 14207$DEMOGRAPHIE 14258$ECONOMIE 13154$ETHNOLOGIE 14235$GEOGRAPHIE HUMAINE 14223$HISTOIRE 14227$LINGUISTIQUE 14272$MICROECONOMIE 13133$PSYCHOLOGIE 14454$PSYCHOLOGIE EXPERIMENTALE 14450$SCIENCES HUMAINES 14254$SOCIOLOGIE 14277$STATISTIQUE 11036
32161;Cadre chargé de la sécurité publique;POLICE GENDARMERIE 42837
32162;Cadre responsable des ressources publiques;CONTROLE FISCAL 13324$CONTROLE GESTION PUBLIQUE 13110$GESTION PUBLIQUE 13121
32163;Cadre responsable de l'utilisation des fonds publics;CONTROLE GESTION PUBLIQUE 13110$GESTION PUBLIQUE 13121
32164;Cadre chargé de l'application des droits des personnes;FONCTION PUBLIQUE 13041$INSPECTION TRAVAIL 13213
32165;Cadre technico-administratif des services au public;DIRECTION ETABLISSEMENT SOCIOCULTUREL 44037$FONCTION PUBLIQUE 13041$GESTION HOSPITALIERE 43426$GESTION MAISON RETRAITE 44039$QUALITE SANTE 43432
32171;Cadre juridique garant des règles institutionnelles;DROIT CONSTITUTIONNEL 13239$DROIT PUBLIC 13237
32172;Cadre responsable de la mise en oeuvre de la politique des pouvoirs publics;SCIENCE POLITIQUE 13054
32211;Rédacteur de presse;ECRITURE JOURNALISTIQUE 46305$JOURNALISME 46325$JOURNALISME AUDIOVISUEL 46306$JOURNALISME PRESSE ECRITE 46326$SECRETARIAT REDACTION 46307
32212;Créateur de support de communication visuelle;COMMUNICATION ENTREPRISE 46242$CONCEPTION GRAPHIQUE 46081$FILM ANIMATION 46276$INFOGRAPHIE 46258$MAQUETTE ELECTRONIQUE 46050$MAQUETTE MISE EN PAGE 46091$PAO 46052
32213;Chargé de communication;COMMUNICATION ENTREPRISE 46242$RELATIONS PUBLIQUES 46255$SERVICE PRESSE 46210
32214;Spécialiste de la gestion de l'information;ARCHIVAGE 46385$ARCHIVAGE ELECTRONIQUE 46396$BIBLIOTHEQUE 46394$DOCUMENTATION 46373$DOCUMENTATION AUDIOVISUELLE ET MULTIMEDIA 46382$GENEALOGIE 14208$INFORMATIQUE DOCUMENTAIRE 46371$INTELLIGENCE ECONOMIQUE 46342$LUDOTHEQUE 46395$MEDIATHEQUE 46391$PHOTOTHEQUE 46392$RECHERCHE DOCUMENTAIRE 46346$RESEAU DOCUMENTAIRE 46363$TECHNIQUE DOCUMENTAIRE 46345
32221;Responsable de campagne publicitaire;PUBLICITE 34074
32222;Responsable du plan média;COMMUNICATION ENTREPRISE 46242$PUBLICITE 34074$RELATIONS PUBLIQUES 46255
32231;Coordinateur d'édition;INDUSTRIE GRAPHIQUE IMPRIMERIE 46054
32241;Traducteur, interprète;INTERPRETARIAT 15241$TRADUCTION 15231
32311;Informaticien d'exploitation;ADMINISTRATION SYSTEME 31034$ASSISTANCE UTILISATEUR INFORMATIQUE 31050$GESTION PARC INFORMATIQUE 31081$SGBD 31042
32321;Informaticien d'étude;ADMINISTRATION SYSTEME 31034$ANALYSE PROGRAMMATION 31067$BUREAUTIQUE CONCEPTION 31091$CONDUITE PROJET INFORMATIQUE 31094$GENIE LOGICIEL 31057$INFORMATIQUE 31054$INFORMATIQUE DE GESTION 31084$INFORMATISATION 31085$METHODE ANALYSE 31068$PROGRAMMATION 31088$PROGRAMMATION INFORMATIQUE INDUSTRIELLE 24491$PROGRAMMATION ORIENTEE OBJET 31098$PROGRAMMATION STRUCTUREE 31097$RESEAU LOCAL 24210
32331;Informaticien expert;ARCHITECTURE CLIENT SERVEUR 24284$ARCHITECTURE RESEAU 24273$AUDIT INFORMATIQUE 31038$EXTRANET 24203$GENIE LOGICIEL 31057$GESTION RESEAU INFORMATIQUE 24220$INTERCONNEXION RESEAU 24232$INTERNET 24222$INTRANET 24213$PROTOCOLE TELECOMMUNICATION 24237$RESEAU LARGE BANDE 24211$RESEAU LOCAL 24210$SGBD 31042$SYSTEME INFORMATIQUE 31043
32341;Organisateur informaticien;CAHIER CHARGES INFORMATIQUE 31096$CONDUITE PROJET INFORMATIQUE 31094$CORRESPONDANCE INFORMATIQUE 31093$INFORMATISATION 31085$MICRO-INFORMATIQUE 31018$SCHEMA DIRECTEUR INFORMATIQUE 31095$VENTE INFORMATIQUE 31070
33111;Acheteur industriel;ACHAT 34024$MARKETING ACHAT 34016$NEGOCIATION ACHAT 34002
33112;Responsable de la stratégie commerciale;ACTION COMMERCIALE 34573$MARKETING 34052$MARKETING DIRECT 34072$MARKETING INTERNATIONAL 34260$STRATEGIE COMMERCIALE 34085
33113;Responsable des ventes;COMMERCE INTERNATIONAL 34254$ENCADREMENT FORCE VENTE 34570
33114;Chef de produit;ASSISTANCE MARKETING 34042$CHEF PRODUIT 34030$ETUDE MARCHE 34060$ETUDE PRODUIT 34040$MARKETING 34052$MARKETING DIRECT 34072
33115;Cadre de gestion administrative des ventes;ADMINISTRATION VENTES 34056$EXPORTATION 34256
33121;Marchandiseur;MARCHANDISAGE 34597
33122;Acheteur du commerce;ACHAT 34024$ACHAT INTERNATIONAL 34292$IMPORTATION 34273$MARKETING ACHAT 34016$NEGOCIATION ACHAT 34002
33123;Chef de département commercial;COMMERCIALISATION 34554
33124;Directeur de magasin;COMMERCIALISATION 34554$GESTION POINT VENTE 34588$GRANDE DISTRIBUTION 34587
33211;Conseiller financier bancaire;BANQUE ASSURANCE 41054$GESTION PORTEFEUILLE 41003
33212;Attaché commercial bancaire;BANQUE 41062$CLIENTELE ENTREPRISE 41092$CLIENTELE PARTICULIER 41083$MARKETING BANCAIRE 41040
33213;Responsable d'exploitation bancaire;BANQUE 41062$GESTION EXPLOITATION BANQUE 41070
33214;Concepteur gestionnaire de produits bancaires;BANQUE 41062$PRODUIT FINANCIER 41002
33215;Conseiller en crédit bancaire;CREDIT BANCAIRE 41084$CREDIT EXPORT 34218
33216;Opérateur sur marchés de capitaux;MARCHE FINANCIER 41023
33221;Responsable d'exploitation en assurances;ASSURANCE 41036
33222;Agent général courtier;ASSURANCE 41036$MARCHE FINANCIER 41023
33223;Concepteur-animateur développement de produits d'assurances;ASSURANCE 41036
33224;Inspecteur technico-administratif d'assurances;INSPECTION ASSURANCE 41015
33225;Inspecteur délégué aux indemnisations en assurances;ASSURANCE DOMMAGES 41028$INSPECTION ASSURANCE 41015
33226;Chargé d'études actuarielles en assurances;ACTUARIAT 41079$ASSURANCE 41036
33231;Chargé de gestion globale en immobilier;GESTION IMMOBILIERE 42133$GESTION PATRIMOINE 41014
33232;Transacteur en immobilier;AGENCE IMMOBILIERE 42184$COMMERCIALISATION IMMOBILIERE 42158$EXPERTISE IMMOBILIERE 42137
33233;Chargé d'opérations immobilières;GESTION IMMOBILIERE 42133$PROMOTION IMMOBILIERE 42186
33311;Dirigeant de PME/PMI;DIRECTION ENTREPRISE 32054
33312;Cadre dirigeant de la Fonction Publique (et assimilé);DIRECTION ENTREPRISE 32054
33313;Cadre d'état-major de grande entreprise privée;DIRECTION ENTREPRISE 32054
41111;Cultivateur en grandes cultures;CULTURE SPECIALISEE 21226$GRANDE CULTURE 21236$PRODUCTION FOURRAGERE 21206$PRODUCTION VEGETALE 21254
41112;Maraîcher-horticulteur;CULTURE LEGUMIERE 21258$CULTURE PLANTE MEDICINALE 21207$CULTURE SERRE 21222$CULTURE SPECIALISEE 21226$FLORICULTURE 21249$HORTICULTURE 21256$MARAICHAGE 21259$PEPINIERE 21239$SEMENCE 21290
41113;Jardinier d'espaces verts;JARDIN HISTORIQUE 21289$MACONNERIE PAYSAGERE 21298$TERRAIN SPORT ENGAZONNE 21279$TRAVAUX PAYSAGERS 21277
41114;Arboriculteur-viticulteur;PRODUCTION FRUIT 21268$TAILLE ARBRE 21297$VITICULTURE 21223
41115;Sylviculteur;EXPLOITATION FORESTIERE 21285$SYLVICULTURE 21274
41116;Bûcheron;BUCHERONNAGE 21294$TAILLE ARBRE 21297
41117;Aide agricole saisonnier;PRODUCTION VEGETALE 21254$VITICULTURE 21223
41121;Eleveur de bétail sur sol;ELEVAGE 21056$ELEVAGE BOVIN 21078$ELEVAGE GIBIER 21026$ELEVAGE OVIN 21075
41122;Eleveur-soigneur de chevaux;ELEVAGE 21056$ELEVAGE CHEVAL 21088$SOIN CHEVAL 21099
41123;Eleveur en production laitière;ELEVAGE 21056$ELEVAGE CAPRIN 21086$ELEVAGE LAITIER 21085
41124;Eleveur hors sol;AVICULTURE 21058$CUNICULTURE 21015$ELEVAGE ANIMAL FOURRURE 21017$ELEVAGE GIBIER 21026$ELEVAGE PORCIN 21097
41125;Eleveur spécialisé en productions rares;ANIMAL COMPAGNIE 42025$ANIMAL LABORATOIRE 12010$APICULTURE 21049$ELEVAGE 21056$HELICICULTURE 21029$LOMBRICULTURE 21039$SERICICULTURE 21019
41131;Polyculteur-éleveur;AGRICULTURE 21054$POLYCULTURE 21210$PRODUCTION VEGETALE 21254
41141;Collecteur d'espèces sauvages;ELEVAGE 21056$PRODUCTION VEGETALE 21254
41211;Aquaculteur;AQUACULTURE 21347$CONCHYLICULTURE 21368$CULTURE ALGUE 21317$MARAIS SALANT 21385$MYTILICULTURE 21387$OSTREICULTURE 21389$PISCICULTURE 21349
41212;Matelot à la pêche;MARIN PECHEUR 21333
41221;Marin de la navigation maritime;TRANSPORT MARITIME 31872
41222;Marin de la navigation fluviale;TRANSPORT FLUVIAL 31850
42111;Assistant des travaux publics et gros oeuvre;AMENAGEMENT ROUTE 22010$BATIMENT GROS OEUVRE 22354$CHAUSSEE 22001$DEMOLITION 22329$TERRASSEMENT 22291$TRANCHEE 22042$TRAVAUX PORTUAIRES 22048$TRAVAUX ROUTIERS 22022
42112;Ouvrier des travaux publics;AMENAGEMENT ROUTE 22010$CANALISATION RESEAU EXTERIEUR 22070$CHAUSSEE 22001$PAVAGE POSE BORDURE 22082$TRAVAUX FERROVIAIRES 22013$TRAVAUX PORTUAIRES 22048$TRAVAUX PUBLICS 22054$TRAVAUX ROUTIERS 22022$VRD 22062
42113;Ouvrier du béton;COFFRAGE 22311$CONSTRUCTION BETON 22395$FERRAILLAGE 22320$OUVRAGE BETON 22005
42114;Ouvrier de la maçonnerie;BRIQUETAGE 22331$CONSTRUCTION PISCINE 22382$ENDUIT MACONNERIE 22301$MACONNERIE 22334$MACONNERIE PIERRE 22303$PLATRERIE 22412
42121;Monteur en structures métalliques;BARDAGE 22318$CHARPENTE METALLIQUE 22469$CONSTRUCTION METALLIQUE 22387$ECHAFAUDAGE 22297$ESCALIER METALLIQUE 22467
42122;Monteur en structures bois;CHARPENTE BOIS 22459$CONSTRUCTION BOIS 22396
42123;Couvreur;COUVERTURE 22437$COUVERTURE ARDOISE 22429$COUVERTURE TUILE 22448$ZINGUERIE 22439
42124;Ouvrier de l'étanchéité et de l'isolation;ETANCHEITE 22649$ISOLATION BATIMENT 22647$ISOLATION PHONIQUE 22619$ISOLATION THERMIQUE 22618$ISOLATION THERMIQUE PHONIQUE 22638
42131;Ouvrier de l'extraction solide (minerai, minéraux ...);DEMOLITION 22329$EXPLOITATION MINE CARRIERE 12237
42132;Ouvrier de l'extraction liquide et gazeuse (pétrole, eau ...);EXPLOITATION HYDROCARBURE 12248$FORAGE 22087$GESTION RESSOURCE EAU 12532$HYDROGEOLOGIE 12227
42211;Electricien du bâtiment et des travaux publics;CHAUFFAGE ELECTRIQUE 22692$ELECTROTECHNIQUE 24054$INSTALLATION ELECTRIQUE 24066
42212;Installateur d'équipements sanitaires et thermiques;CHAUFFAGE 22671$CLIMATISATION 22635$FUMISTERIE 22657$INSTALLATION SANITAIRE 22697$INSTALLATION THERMIQUE SANITAIRE 22685$PLOMBERIE 22677
42221;Poseur de fermetures menuisées;HUISSERIE 22498$MENUISERIE ALUMINIUM 22468$MENUISERIE METALLIQUE 22477$MENUISERIE PLASTIQUE 22417$METALLERIE SERRURERIE 22478$VITRERIE MIROITERIE 22434
42222;Monteur plaquiste en agencements;PLAQUE PLATRE 22403$PREFABRICATION 22371
42231;Poseur de revêtements rigides;CARRELAGE MOSAIQUE 22440$PARQUET 22405$REVETEMENT SOL MUR 22442
42232;Poseur de revêtements souples;POSE MOQUETTE 22430$POSE PAPIER PEINT 22460$POSE SOL PLASTIQUE 22423$POSE TISSU MURAL 22410$REVETEMENT SOL MUR 22442
42233;Peintre en bâtiment;PEINTURE BATIMENT 22472$PEINTURE DECORATIVE 22470$PEINTURE INTERIEURE 22480$PEINTURE LETTRES 45551
43111;Conducteur de transport de particuliers;AMBULANCIER 43419$CONDUITE AUTO 31812$CONDUITE TAXI 31801$CONDUITE VOITURE DIRECTION 31803$PERFECTIONNEMENT CONDUITE 31820
43112;Conducteur de transport en commun (réseau routier);CONDUCTEUR TOURISME 42603$CONDUITE VEHICULE ARTICULE 31804$PERFECTIONNEMENT CONDUITE 31820$TRANSPORT EN COMMUN 31805$TRANSPORT SCOLAIRE 31806
43113;Conducteur-livreur;LIVRAISON 31807$MAINTENANCE DISTRIBUTEUR AUTOMATIQUE 24420
43114;Conducteur de transport de marchandises (réseau routier);CONDUITE POIDS LOURD 31816$PERFECTIONNEMENT CONDUITE 31820$TRANSPORT FRIGORIFIQUE 31808$TRANSPORT MARCHANDISE 31827$TRANSPORT MATIERE DANGEREUSE 31828$TRANSPORT PRODUIT CHIMIQUE 31819
43121;Conducteur sur réseau guidé;ENGIN FERROVIAIRE 31769$TRANSPORT RESEAU GUIDE 31840
43211;Conducteur d'engins de chantier du BTP, du génie civil et de l'exploitation des carrières;CHOULEUR CHARGEUR 31706$ENGIN CHANTIER 31717
43212;Conducteur d'engins d'exploitation agricole et forestière;ENGIN FORESTIER 21295$MACHINISME AGRICOLE 21011$MACHINISME HORTICOLE 21228$MACHINISME VITICOLE 21204
43213;Conducteur d'engins de traction;ENGIN FERROVIAIRE 31769$ENGIN TRACTION 31759
43221;Conducteur d'engins de levage;ELEVATEUR 31726$ENGIN MANUTENTION LEVAGE 31747$GRUE 31708$GRUE MOBILE 31709$PONT ELINGAGE 31738$PONT ROULANT 31728
43311;Agent du stockage et de la répartition de marchandises;ETIQUETAGE 31742$EXPEDITION 31743$MAGASINAGE 31734$STOCKAGE 31713$STOCKAGE MATIERE DANGEREUSE 31703
43312;Agent de manipulation et de déplacement des charges;ACTIVITE PORTUAIRE 31891$CARISTE 31768$ELINGAGE 31729$MANUTENTION 31754$MANUTENTION PRODUIT CHIMIQUE 31770$PALETTISATION 31784$PONT ELINGAGE 31738$SECURITE MANUTENTION 31795
43313;Déménageur;DEMENAGEMENT 31809
43314;Agent de routage;MAGASINAGE 31734
43315;Agent distributeur;MANUTENTION 31754
43321;Agent de manoeuvre du réseau ferré;ACCROCHAGE WAGON 31779$ENGIN FERROVIAIRE 31769$TRANSPORT RESEAU GUIDE 31840
43322;Personnel du mouvement (transport ferroviaire);TRANSPORT RESEAU GUIDE 31840
43323;Agent de remontée filo-guidée;TRANSPORT FILOGUIDE 31842
43331;Personnel administratif de la circulation internationale des marchandises;TRANSPORT INTERNATIONAL 31847
43332;Affréteur;AFFRETEMENT 31856$FRET AERIEN 31869
43333;Litigeur transport;DROIT TRANSPORT 31894$REGLEMENTATION COMMERCE INTERNATIONAL 34232
43411;Accompagnateur tourisme;GUIDE ACCOMPAGNATEUR 42611$GUIDE INTERPRETE 42602
43412;Agent de contrôle des transports en commun;TRANSPORT EN COMMUN 31805
43413;Personnel navigant commercial de l'aviation civile;HOTESSE AIR STEWARD 31879$TRANSPORT AERIEN 31867
43414;Agent d'escale;PERSONNEL AU SOL 31876
44111;Agent d'usinage des métaux;USINAGE 23076
44112;Agent de découpage des métaux;COUPAGE LASER 23079$COUPAGE PLASMA 23069$DECOUPAGE 23078
44113;Conducteur d'équipement de formage;COUTELLERIE TAILLANDERIE 23690$EMBOUTISSAGE 23059$FORMAGE 23048$REPOUSSAGE 23039
44114;Chaudronnier-tôlier;CHAUDRONNERIE 23083$CHAUDRONNERIE INOX 23082$PLIAGE 23029$TOLERIE 23094$TRACAGE CHAUDRONNERIE 23093
44121;Opérateur-régleur sur machine-outil;ALESAGE 23095$CENTRE USINAGE 24413$COMMANDE NUMERIQUE FRAISAGE 24404$COMMANDE NUMERIQUE TOURNAGE 24406$DECOLLETAGE 23089$ELECTROEROSION 23075$FRAISAGE 23067$MOCN 24425$PROGRAMMATION MOCN 24407$RECTIFICATION USINAGE 23098$TOURNAGE 23088
44131;Agent de montage-assemblage de la construction mécanique;CONSTRUCTION MECANIQUE 23662$MONTAGE ASSEMBLAGE 23035
44132;Soudeur;BRASAGE 23028$SOUDAGE 23026$SOUDAGE ARC 23014$SOUDAGE AUTRE PROCEDE 23008$SOUDAGE ELECTRODE ENROBEE 23004$SOUDAGE FAISCEAU ELECTRONS 23005$SOUDAGE LASER 23009$SOUDAGE MATIERE PLASTIQUE 23007$SOUDAGE MIG MAG 23016$SOUDAGE OXYACETYLENIQUE 23006$SOUDAGE PAR RESISTANCE 23017$SOUDAGE PLASMA 23013$SOUDAGE SOUS FLUX ELECTROCONDUCTEUR 23025$SOUDAGE TIG 23015$SOUDOBRASAGE 23037
44133;Charpentier en structures métalliques;CHARPENTE MARINE 23601$CHARPENTE METALLIQUE 22469
44134;Tuyauteur industriel;TUYAUTERIE 23084
44135;Ajusteur mécanicien;AJUSTAGE 23096
44141;Agent de traitement thermique;TRAITEMENT THERMIQUE 23074
44142;Agent de traitement de surface;ANODISATION 23040$DECAPAGE 23052$EMAILLAGE 23051$MECANIQUE SURFACE 23583$PEINTURE CARROSSERIE 23607$PEINTURE INDUSTRIELLE 23053$TRAITEMENT SURFACE 23042
44143;Stratifieur-mouliste;MOULAGE PLASTIQUE 23010
44151;Contrôleur de fabrication de la construction mécanique et du travail des métaux;CONSTRUCTION MECANIQUE 23662$METALLURGIE 23062
44211;Opérateur sur machines automatiques en production électrique et électronique;DISTRIBUTION ELECTRICITE 24086$MONTAGE CABLAGE ELECTRIQUE 24016
44212;Interconnecteur en matériel électrique et électromécanique;DISTRIBUTION ELECTRICITE 24086$ECLAIRAGE PUBLIC 24089$ELECTRICITE EQUIPEMENT INDUSTRIEL 24099$ELECTROMECANIQUE 24052$MONTAGE CABLAGE ELECTRIQUE 24016$TELECOMMUNICATION 24254
44213;Interconnecteur en électronique;MONTAGE CABLAGE ELECTRONIQUE 24322$TELECOMMUNICATION 24254
44214;Bobinier de la construction électrique et électronique;MOTEUR ELECTRIQUE 24070
44221;Contrôleur en électricité et électronique;QUALITE ELECTRONIQUE 24360$SECURITE ELECTRIQUE 24047
44311;Mécanicien de maintenance;ENTRETIEN MECANIQUE 23684$MECANIQUE CONSTRUCTION REPARATION 23654
44312;Affûteur;AFFUTAGE 23097
44313;Régleur;MECANIQUE CONSTRUCTION REPARATION 23654
44314;Maintenicien en mécanique aéronautique;AERODYNAMIQUE 23521$CONSTRUCTION AERONAUTIQUE 23613$MECANIQUE VOL 23594
44315;Maintenicien en mécanique maritime;CONSTRUCTION MAINTENANCE NAVALE 23622$ENTRETIEN MARINE PLAISANCE 23602$MECANIQUE NAVALE 23610$MECANIQUE PECHE 21320
44316;Mécanicien d'engins de chantier, de levage et manutention et de machines agricoles;MACHINISME AGRICOLE 21011$REPARATION ENGIN MANUTENTION 31736
44321;Mécanicien de véhicules particuliers et industriels;CONTROLE AUTOMOBILE 23649$ELECTRONIQUE AUTOMOBILE 23605$MECANIQUE AUTOMOBILE 23637$MOTEUR 23677$MOTEUR DIESEL 23698$MOTEUR ESSENCE 23689$REPARATION VEHICULE INDUSTRIEL 23615
44322;Mécanicien en motocycles, matériels d'entretien et de loisirs;MECANIQUE CYCLE MOTOCYCLE 23635
44323;Réparateur en carrosserie;CARROSSERIE 23617
44324;Maintenicien en microsystèmes horlogers et photographiques;HORLOGERIE 23670$MECANIQUE PRECISION 23661$OPTIQUE INSTRUMENTALE 23650
44331;Electricien de maintenance;ELECTRICITE AUTOMOBILE 23606$ELECTRICITE EQUIPEMENT INDUSTRIEL 24099$MAINTENANCE INSTALLATION ELECTRIQUE 24069
44332;Maintenicien en instruments de bord, équipements électriques et électroniques;MAINTENANCE ELECTRONIQUE 24340$MAINTENANCE INSTALLATION ELECTRIQUE 24069$MECANICIEN BORD 31883
44341;Polymaintenicien;ARMEMENT 23641$ARMURERIE 23660$MECANIQUE CONSTRUCTION REPARATION 23654
45111;Pilote d'installation des industries chimiques et de production d'énergie;CHAUFFERIE CHAUDIERE 22630$ENERGIE 24154$PETROCHIMIE 11550$RAFFINAGE PETROLIER 11551
45112;Opérateur sur appareils de transformation physique ou chimique;EQUIPEMENT INDUSTRIE PETROLIERE ET CHIMIQUE 11557
45113;Opérateur sur machines de formage des matières plastiques et du caoutchouc;CHAUDRONNERIE PLASTIQUE 23092$COLLAGE MATIERE PLASTIQUE 23012$DECORATION PLASTIQUE 23031$EXTRUSION 23011$FORMAGE 23048$MOULAGE PLASTIQUE 23010$PLASTURGIE 23021$THERMOFORMAGE 23001
45121;Pilote d'installation des industries agro-alimentaires;AGROALIMENTAIRE 21554$SILO 31711
45122;Opérateur sur machines et appareils de fabrication des industries agroalimentaires;AGROALIMENTAIRE 21554$BOULANGERIE 21538
45211;Pilote d'installation de production des métaux;MATERIAU METALLIQUE 22834$METALLURGIE 23062
45212;Opérateur de production des métaux;ACIERIE 23091$FONDERIE 23090$METALLURGIE 23062$MOULAGE METAL 23081$SIDERURGIE 23071
45213;Opérateur sur machines de première transformation des métaux;ETIRAGE 23058$LAMINAGE 23070$TREFILAGE 23080
45221;Pilote d'installation de production de matière verrière;VERRE 22820
45222;Opérateur de formage du verre;FORMAGE 23048$VERRE 22820
45231;Pilote d'installation de production cimentière;BETON 22861$CIMENT 22851
45232;Opérateur de production de céramique et des matériaux de construction;CERAMIQUE INDUSTRIELLE 22821$MATERIAU CONSTRUCTION 22852
45311;Opérateur de production de panneaux à base de bois;BOIS 22881$MENUISERIE BOIS 22416
45321;Opérateur de production des pâtes à papier et à carton;PAPIER CARTON 22884
45322;Opérateur de production de papier-carton;PAPIER CARTON 22884
45411;Opérateur sur machines de finition, contrôle et conditionnement;CONDITIONNEMENT EMBALLAGE 31752$CONTROLE QUALITE 31336
45412;Agent main de finition, contrôle et conditionnement;CONDITIONNEMENT EMBALLAGE 31752$CONTROLE QUALITE 31336
45413;Opérateur de laboratoire des industries de process;QUALITE CHIMIE 11547$QUALITE ELECTRONIQUE 24360
45414;Agent de traitements dépolluants;ASSAINISSEMENT 12541$COLLECTE TRAITEMENT DECHET 12582$RISQUE AMIANTE 22265$RISQUE PLOMB 22276$STATION EPURATION 12540$TRAITEMENT DECHET HOSPITALIER 12591$TRAITEMENT DECHET INDUSTRIEL 12592$TRAITEMENT DECHET MENAGER 12593$TRAITEMENT EAU 12520
45421;Modeleur-mouliste;MODELAGE MECANIQUE 23680
46111;Trieur-classeur des industries des matériaux souples;CUIR PEAU 21854$HABILLEMENT 21754$TEXTILE 21654$TRIAGE PEAU 21831
46112;Teinturier-coloriste des industries des matériaux souples;TEINTURE PEAU 21850$TEINTURE TEXTILE 21606
46113;Préparateur de produits des industries des matériaux souples;CUIR PEAU 21854$HABILLEMENT 21754$TEINTURE PEAU 21850$TEXTILE 21654
46114;Patronnier-gradeur des industries des matériaux souples;COUPE PATRONNAGE GRADATION 21771
46115;Opérateur d'atelier de coupe des industries des matériaux souples;COUPE CONFECTION 21730$COUPE PATRONNAGE GRADATION 21771
46116;Apprêteur des industries des matériaux souples;APPRET TEXTILE 21617$TECHNIQUE CONFECTION CUIR 21823
46121;Conducteur de machines de filature textile;FILATURE 21651$MACHINE FILATURE 21650
46122;Conducteur de machines de fabrication de produits textiles;MACHINE TEXTILE 21634$TISSAGE INDUSTRIEL 21631$TULLE 21691
46123;Opérateur de tannerie-mégisserie;TANNERIE MEGISSERIE 21842
46124;Opérateur d'assemblage-montage des industries des cuirs et peaux et matériaux associés;COUPE CUIR 21812$CUIR PEAU 21854$MONTAGE CUIR 21814$PIQUAGE CUIR 21804$TECHNIQUE CONFECTION CUIR 21823
46125;Opérateur d'assemblage-montage des industries de l'habillement et autres fabrications à base d'étoffes;COLLETAGE 21613$CONFECTION 21742$MAILLE BONNETERIE 21622$MATERIEL CONFECTION 21733$MONTAGE PIQUAGE CONFECTION 21710$VOILERIE 23630
46131;Conducteur de machines d'ennoblissement textile;BLANCHIMENT TEXTILE 21605$ENNOBLISSEMENT TEXTILE 21625$IMPRESSION TEXTILE 21607
46132;Opérateur de finition des industries des matériaux souples;FINITION CONFECTION 21712$FINITION CUIR PEAU 21815$RACCOUTRAGE 21603$REPASSAGE CONFECTION 21740
46133;Visiteur-contrôleur des industries des matériaux souples;CONTROLE TEXTILE 21629
46134;Opérateur d'entretien des articles textiles;BLANCHISSERIE 42097$TEXTILE 21654
46211;Préparateur-correcteur des industries graphiques;PREPARATION COPIE CORRECTION 46047
46212;Opérateur de composition;COMPOSITION 46041$PAO 46052$PHOTOCOMPOSITION 46030$TYPOGRAPHIE 46019
46213;Préparateur en forme imprimante;INDUSTRIE GRAPHIQUE IMPRIMERIE 46054$MONTAGE IMPRIMERIE 46025$MONTAGE OFFSET 46005$PHOTOMONTAGE ELECTRONIQUE 46004
46214;Photograveur;PHOTOGRAVURE 46033$SCANNER IMPRIMERIE 46013$SELECTION COULEUR 46011
46221;Conducteur de machines d'impression;CONDUITE OFFSET 46016$IMPRESSION 46027$PHOTO REPRODUCTION 46007
46222;Bobinier-receveur des industries graphiques;IMPRESSION 46027
46231;Conducteur de machines de façonnage;DORURE IMPRIMERIE 46069$FACONNAGE IMPRIMERIE 46077$MASSICOTAGE 46089$PLIAGE IMPRIMERIE 46079$RELIURE BROCHURE INDUSTRIELLE 46098
46232;Opérateur d'exécution de façonnage;FACONNAGE IMPRIMERIE 46077
46241;Opérateur de laboratoire photographique;LABORATOIRE CINE-PHOTO 46268$RETOUCHE PHOTO 46288
46242;Opérateur de laboratoire cinématographique;LABORATOIRE CINE-PHOTO 46268$PROJECTION AUDIOVISUELLE 46212
46311;Opérateur de sciage débit;SCIERIE 21296
46321;Conducteur de machine de fabrication des industries de l'ameublement et du bois (et matériaux associés);MENUISERIE BOIS 22416
46322;Façonneur bois et matériaux associés (production de série);MENUISERIE BOIS 22416
46323;Monteur d'ouvrages en bois et matériaux associés (production de série);MENUISERIE BOIS 22416
47111;Préparateur en produits de boulangerie-viennoiserie;BOULANGERIE 21538$SPECIALISATION BOULANGERIE 21539
47112;Préparateur en produits de pâtisserie-confiserie;CONFISERIE CHOCOLATERIE 21519$GLACERIE 21529$PATISSERIE 21528
47113;Employé en terminal de cuisson (boulangerie, viennoiserie);BOULANGERIE 21538
47121;Opérateur de transformation des viandes;VIANDE 21577
47122;Préparateur en produits carnés;BOUCHERIE 21599$TRIPERIE 21597$VIANDE 21577$VOLAILLERIE 21578
47123;Traiteur-charcutier;CHARCUTERIE 21589$SALAISON 21585
47124;Préparateur en produits de la pêche;TRANSFORMATION PRODUIT MER 21567
47131;Opérateur de fermentation artisanale;BRASSERIE 21520$CIDRE 21512$FROMAGE 21504$SPIRITUEUX 21501
47132;Testeur sensoriel;DEGUSTATION ALIMENTAIRE 21560$VINIFICATION OENOLOGIE 21510
47141;Assistant de fabrication de l'alimentation;AGROALIMENTAIRE 21554
47211;Réparateur-retoucheur en habillement;ESSAYAGE RETOUCHE 21766
47212;Fabricant de vêtements sur mesure ou en petite série;COUTURE 21757$FOURRURE 21817
47213;Fabricant d'articles de chapellerie;ACCESSOIRE MODE 21752
47214;Tapissier-décorateur en ameublement;COUTURE AMEUBLEMENT 45512$GARNITURE SIEGE 45503$TAPISSERIE AMEUBLEMENT 45523
47221;Fabricant d'articles en cuir et autres matériaux souples (hors vêtement);CHAUSSURE 21867$CUIR PEAU 21854$GANTERIE CUIR 21888$MAROQUINERIE 21882$SELLERIE 21884
47222;Réparateur d'articles en cuir et autres matériaux souples;CORDONNERIE BOTTERIE 21869
47231;Professionnel de l'entretien artisanal des textiles;BLANCHISSERIE 42097$ENTRETIEN CUIR PEAU 42096$TEINTURERIE PRESSING 42095
47232;Façonnier d'ouvrages d'art en fils;DENTELLERIE BRODERIE ARTISANALE 45531$MACRAME 45520$RESTAURATION OBJET ART 45038$TAPISSERIE LICE 45511$TISSAGE ARTISANAL 45504
47311;Métallier artisanal;ART BRONZE 45548$COUTELLERIE TAILLANDERIE 23690$DINANDERIE FERBLANTERIE 45539$FERRONNERIE ART 45558$FONDERIE ART 45549$METALLERIE SERRURERIE 22478
47312;Professionnel de la bijouterie, orfèvrerie et joaillerie;ART PIERRE PRECIEUSE 45508$BJO 45529$GEMMOLOGIE 45519$JOAILLERIE 45509$ORFEVRERIE 45507
47321;Verrier à la main;VERRERIE ART 45567$VITRAIL 45579
47322;Céramiste à la main;CERAMIQUE POTERIE 45597$DECORATION CERAMIQUE 45586$MODELAGE CERAMIQUE 45587
47331;Réalisateur d'ouvrages en bois et matériaux associés;CHARPENTE 22457$ESCALIER BOIS 22406$MENUISERIE 22435$MENUISERIE AGENCEMENT 45005$MENUISERIE BOIS 22416$TONNELLERIE 21203
47332;Façonnier d'ouvrages décoratifs en bois et matériaux associés;EBENISTERIE 45582$ENCADREMENT ART 45029$FABRICATION JOUET 45585$MARQUETERIE 45591$SCULPTURE BOIS 45096$TABLETTERIE 45577$TOURNAGE BOIS 45560
47333;Finisseur sur bois;AMEUBLEMENT 45019
47334;Fabricant d'objets de vannerie;BROSSERIE 45599$VANNERIE 45518
47341;Professionnel du travail de la pierre et matériaux associés;FACADE 22490$MARBRERIE 22420$MOSAIQUE ART 45069$STAFF 22401$STUC 22402$TAILLE PIERRE 22316
47411;Professionnel de la gravure;GRAVURE ART 45079
47412;Professionnel de la dorure;DORURE ART 45540
47413;Professionnel de la reliure;RELIURE ART 45594
47421;Peintre finisseur d'art;EMAILLAGE ART 45598$PEINTURE BOIS 45515$PEINTURE TISSU 45516$RESTAURATION OBJET ART 45038
47431;Facteur-réparateur d'instruments de musique;ARCHET 45592$FACTURE INSTRUMENTALE 45583$LUTHERIE 45595
47432;Professionnel de la conservation des animaux;TAXIDERMIE 12083
51111;Agent d'encadrement de la construction mécanique;CONSTRUCTION MECANIQUE 23662$ENCADREMENT 32032
51112;Agent d'encadrement de production électrique et électronique;ELECTRONIQUE 24354$ELECTROTECHNIQUE 24054$ENCADREMENT 32032
51121;Agent d'encadrement des industries de process;ENCADREMENT 32032$MAITRISE 32010
51131;Agent d'encadrement des industries des matériaux souples;ENCADREMENT 32032$ENCADREMENT ATELIER CONFECTION 21711$MONITORAT CONFECTION 21701$TEXTILE 21654
51132;Agent d'encadrement des industries graphiques;ENCADREMENT 32032$INDUSTRIE GRAPHIQUE IMPRIMERIE 46054$MAITRISE 32010
51133;Agent d'encadrement des laboratoires photographiques et cinématographiques;ENCADREMENT 32032$LABORATOIRE CINE-PHOTO 46268
51134;Agent d'encadrement des industries de l'ameublement et du bois;ENCADREMENT 32032
51211;Agent d'encadrement de maintenance;ENCADREMENT 32032$GESTION MAINTENANCE 31625$MAINTENANCE CORRECTIVE 31604$MAINTENANCE INDUSTRIELLE 31624$MAINTENANCE PREVENTIVE 31603$MAINTENANCE TOTALE 31633
52111;Technicien de méthodes-ordonnancement-planification de l'industrie;BUREAU ETUDES 31676$BUREAU METHODES 31629$ORDONNANCEMENT 31662$ORGANISATION TRAVAIL 31637
52121;Dessinateur-projeteur de la construction mécanique et du travail des métaux;BUREAU ETUDES 31676$CAO 31684$DESSIN CONSTRUCTION METALLIQUE 22398
52122;Dessinateur de la construction mécanique et du travail des métaux;BUREAU ETUDES 31676$DAO 31685$DESSIN CONSTRUCTION MECANIQUE 23692
52131;Technicien d'études-recherche-développement en électricité et électronique;BUREAU ETUDES 31676$ELECTRONIQUE 24354$ELECTROTECHNIQUE 24054
52132;Dessinateur-projeteur en électricité et électronique;CAO 31684$DAO 31685$SCHEMA ELECTRIQUE 24027
52133;Dessinateur en électricité et électronique;SCHEMA ELECTRIQUE 24027
52141;Technicien de laboratoire de recherche des industries de process;ELECTRONIQUE 24354$METHODE PHYSIQUE ANALYSE CHIMIQUE 11434
52151;Modéliste des industries des matériaux souples;MODELISME CUIR 21838$MODELISME HABILLEMENT 21783
52211;Technicien de fabrication de la construction mécanique et du travail des métaux;EXTRUSION 23011$MECANIQUE CONSTRUCTION REPARATION 23654
52212;Technicien qualité de la construction mécanique et du travail des métaux;CONTROLE NON DESTRUCTIF 31333$METALLOGRAPHIE 31361$MICROGRAPHIE 31360
52221;Technicien de contrôle-essai-qualité en électricité et électronique;QUALITE ELECTRONIQUE 24360
52231;Technicien de production des industries de process;PRODUIT CHIMIQUE 22867
52232;Technicien de laboratoire de contrôle de fabrication des industries de process;GENIE CHIMIQUE 11534$QUALITE ELECTRONIQUE 24360
52233;Technicien en application industrielle des industries de process;ESSAI MECANIQUE 23525$GESTION PRODUCTION 31652
52234;Technicien en environnement des industries de process;POLLUTION 12562
52235;Technicien d'analyses industrielles des industries de process;QUALITE 31354
52241;Technicien des industries des matériaux souples;TEXTILE 21654
52242;Technicien des industries graphiques;DEVIS IMPRIMERIE 46095$FABRICATION IMPRIMERIE 46085$INDUSTRIE GRAPHIQUE IMPRIMERIE 46054$PREAO 46061
52243;Technicien des industries de l'ameublement et du bois;AMEUBLEMENT 45019$DESSIN TRACAGE MENUISERIE 22415
52311;Technicien d'installation d'équipements industriels et professionnels;ANTENNE 24286$EQUIPEMENT TELECOM 24270
52312;Installateur-maintenicien en systèmes automatisés;AUTOMATISME HYDRAULIQUE 24447$AUTOMATISME PNEUMATIQUE 24457$HYDRAULIQUE 23551$MAINTENANCE SYSTEME AUTOMATISE 24431
52313;Installateur-maintenicien en ascenseurs (et autres systèmes automatiques);ASCENSEUR 22493$ESCALIER MECANIQUE 22494
52314;Inspecteur de mise en conformité;CERTIFICATION 31348$CONNAISSANCE NORME 31349$HABILITATION ELECTRIQUE 24049$REGLEMENTATION THERMIQUE 24183
52315;Rédacteur de notices techniques;DOCUMENTATION MAINTENANCE 31635
52321;Technicien de maintenance en informatique;MAINTENANCE INFORMATIQUE 31051
52322;Maintenicien en matériel bureautique;MAINTENANCE INFORMATIQUE 31051
52331;Maintenicien en biens électrodomestiques;ELECTROMENAGER 24021$MAINTENANCE AUDIOVISUELLE 24374
52332;Maintenicien des systèmes thermiques, climatiques et frigoriques;CLIMATISATION 22635$FLUIDE FRIGORIGENE 22603$FROID COMMERCIAL 22604$FROID INDUSTRIEL 22605$GENIE CLIMATIQUE 22654$INSTALLATION FRIGORIFIQUE 22624
52333;Maintenicien en électronique;ARMURERIE 23660$IMMOTIQUE 22499$INSTALLATION RESEAU TELEPHONIQUE 24260$MAINTENANCE AUDIOVISUELLE 24374$MAINTENANCE ELECTRONIQUE 24340
53111;Cadre technique de méthodes-ordonnancement-planification;BUREAU METHODES 31629$ENCADREMENT 32032$ORDONNANCEMENT 31662
53121;Cadre technique d'études scientifiques et de recherche fondamentale;ASTRONOMIE 11474$ASTROPHYSIQUE 11494$BIOCHIMIE 12058$BIOLOGIE 12046$BOTANIQUE 12023$CHIMIE 11554$ELECTRONIQUE 24354$ENCADREMENT 32032$ERGONOMIE 42898$GEOLOGIE 12275$MATHEMATIQUES 11054$MECANIQUE FLUIDE 23542$METEOROLOGIE 12261$MICROBIOLOGIE 12026$OCEANOGRAPHIE 12241$PALEONTOLOGIE 12288$PHYSIOLOGIE 12087$PHYSIQUE 11454$RADIOCHIMIE 11588$RECHERCHE MEDICALE 43001$ROBOTIQUE 24451$STATISTIQUE APPLIQUEE 11017$VOLCANOLOGIE 12295$ZOOLOGIE 12032
53122;Cadre technique d'études-recherche-développement de l'industrie;AUTOMATISATION 24472$BUREAU ETUDES 31676$ENCADREMENT 32032$ERGONOMIE 42898$MECANIQUE THEORIQUE 23554
53131;Cadre technique de l'environnement;GENIE ENVIRONNEMENT 12584$RETRAITEMENT COMBUSTIBLE IRRADIE 24114
53211;Cadre technique de la production;ENCADREMENT 32032$GESTION PRODUCTION 31652
53212;Cadre technique de contrôle-qualité;AUDIT QUALITE 31359$CERCLE QUALITE 31378$CONTROLE QUALITE 31336$ENCADREMENT 32032$GESTION QUALITE 31388
53213;Cadre technique d'hygiène et sécurité;ENCADREMENT 32032$PREVENTION SECURITE NUCLEAIRE 24132$RISQUE INDUSTRIEL 42884
53311;Cadre technico-commercial;COMMERCIALISATION AGROALIMENTAIRE 21551$TECHNICOCOMMERCIAL 34581
53312;Ingénieur d'affaires;INGENIEUR AFFAIRES 34590
53321;Cadre technique d'entretien, maintenance, travaux neufs;MAINTENANCE INDUSTRIELLE 31624
61111;Agent technique agricole;AGRICULTURE 21054
61112;Conseiller d'agriculture;AGRICULTURE 21054
61113;Chargé d'études et de recherches agricoles et aquacoles;AGRICULTURE 21054$AGRONOMIE 21252$AGRONOMIE TROPICALE 21230$MANAGEMENT ENVIRONNEMENTAL 12586$PEDOLOGIE 12281$ZOOTECHNIE 12021
61114;Chargé de la protection du patrimoine naturel;AMENAGEMENT GESTION RIVIERE 12510$ANIMATION ENVIRONNEMENT 12578$CHASSE 12539$GARDE FORESTIER 12569$GARDE PARC NATUREL 12529$GARDE PECHE 21312$PROTECTION MILIEU NATUREL 12547
61121;Responsable de culture ou d'élevage;AGRICULTURE 21054
61131;Cadre pont à la pêche;CAPITAINE PECHE 21340$LIEUTENANT PECHE 21381$PATRON PECHE 21360
61211;Architecte du BTP;ARCHITECTURE 22223
61221;Dessinateur du BTP;DESSIN BTP 22252
61222;Géomètre;CARTOGRAPHIE 12205$GEOMETRIE 11067$TOPOGRAPHIE 12225
61223;Chargé d'études techniques du BTP;ACOUSTIQUE ARCHITECTURALE 11497$BTP CONCEPTION ORGANISATION 22254$COMMERCIALISATION BTP 22257$GENIE CIVIL 22024$METRE BTP 22232$TRAVAUX PUBLICS 22054
61224;Chargé d'études techniques du sous-sol;PROSPECTION GEOLOGIQUE 12256
61231;Chef de chantier du BTP;CONDUITE CHANTIER BTP 22294
61232;Conducteur de travaux du BTP;CONDUITE TRAVAUX BTP 22293
61233;Cadre technique d'exploitation des gisements;EXPLOITATION HYDROCARBURE 12248$EXPLOITATION MINE CARRIERE 12237
61311;Responsable logistique;LOGISTIQUE 31845$LOGISTIQUE AGROALIMENTAIRE 31836$LOGISTIQUE DISTRIBUTION 31837$LOGISTIQUE INTERNATIONALE 34287$LOGISTIQUE TRANSPORT 31834$TRANSITIQUE 31844
61312;Responsable d'exploitation des transports routiers de marchandises;GESTION ENTREPRISE TRANSPORT 31895$TRANSPORT MARCHANDISE 31827
61313;Responsable d'exploitation des transports routiers de voyageurs;GESTION ENTREPRISE TRANSPORT 31895$TRANSPORT EN COMMUN 31805
61321;Personnel navigant technique de l'aviation;MECANICIEN NAVIGANT 31886$PILOTAGE AVION 31888$PILOTAGE HELICOPTERE 31887$PILOTE DE LIGNE 31889$QUALIFICATION VOL INSTRUMENTS 31899
61322;Personnel d'encadrement de la marine;CAPITAINE MARINE 31892$OFFICIER MARINE 31893
61331;Technicien de préparation des vols;PERSONNEL AU SOL 31876
61332;Contrôleur de la navigation aérienne;PERSONNEL AU SOL 31876